-- MariaDB dump 10.19-11.3.2-MariaDB, for Linux (x86_64)
--
-- Host: localhost    Database: exbragr_novelty_seeking
-- ------------------------------------------------------
-- Server version	11.3.2-MariaDB

/*!40101 SET @OLD_CHARACTER_SET_CLIENT=@@CHARACTER_SET_CLIENT */;
/*!40101 SET @OLD_CHARACTER_SET_RESULTS=@@CHARACTER_SET_RESULTS */;
/*!40101 SET @OLD_COLLATION_CONNECTION=@@COLLATION_CONNECTION */;
/*!40101 SET NAMES utf8mb4 */;
/*!40103 SET @OLD_TIME_ZONE=@@TIME_ZONE */;
/*!40103 SET TIME_ZONE='+00:00' */;
/*!40014 SET @OLD_UNIQUE_CHECKS=@@UNIQUE_CHECKS, UNIQUE_CHECKS=0 */;
/*!40014 SET @OLD_FOREIGN_KEY_CHECKS=@@FOREIGN_KEY_CHECKS, FOREIGN_KEY_CHECKS=0 */;
/*!40101 SET @OLD_SQL_MODE=@@SQL_MODE, SQL_MODE='NO_AUTO_VALUE_ON_ZERO' */;
/*!40111 SET @OLD_SQL_NOTES=@@SQL_NOTES, SQL_NOTES=0 */;
use exbragr_novelty_seeking;
--
-- Table structure for table `answer`
--

DROP TABLE IF EXISTS `answer`;
/*!40101 SET @saved_cs_client     = @@character_set_client */;
/*!40101 SET character_set_client = utf8 */;
CREATE TABLE `answer` (
  `code` int(11) NOT NULL,
  `id` int(11) NOT NULL,
  `choice` varchar(255) DEFAULT NULL,
  `category` varchar(255) DEFAULT NULL,
  `counter` varchar(255) DEFAULT NULL,
  `quiz` varchar(255) DEFAULT NULL,
  PRIMARY KEY (`code`,`id`)
) ENGINE=InnoDB DEFAULT CHARSET=utf8mb3 COLLATE=utf8mb3_bin;
/*!40101 SET character_set_client = @saved_cs_client */;

--
-- Dumping data for table `answer`
--

LOCK TABLES `answer` WRITE;
/*!40000 ALTER TABLE `answer` DISABLE KEYS */;
INSERT INTO `answer` VALUES
(10,1,'Animals','1','1','Φύλλα από δέντρα'),
(10,2,'Animals','1','2','Ζέβρες'),
(10,3,'Animals','1','3','Κέρατο'),
(10,4,'Animals','4','1','σε μικρές ομάδες/οικογένειες'),
(10,5,'Animals','4','2','μεγάλα αυτιά'),
(10,6,'Animals','6','1','σε λίμνες και βάλτους'),
(10,7,'Animals','6','2','βράγχια'),
(11,1,'Ocean','1','1','τα ψάρια'),
(11,2,'Ocean','1','2','τρία'),
(12,1,'City','1','1','γέφυρα'),
(12,2,'City','2','1','κόκκινο'),
(12,3,'City','3','1','ένα υδροηλεκτρικό εργοστάσιο'),
(12,4,'City','4','1','σε ορεινή πόλη της Κίνας'),
(12,5,'City','5','1','η μεγαλύτερη γέφυρα του κόσμου'),
(12,6,'City','6','1','το άγαλμα της Ελευθερίας'),
(12,7,'City','7','1','μόνο το ισόγειο'),
(20,1,'Ocean','1','1','τα ψάρια'),
(20,2,'MICROWORLD','2','1','τα έντομα'),
(20,3,'ANCIENT_CIVILIZATION','3','1','ο Παρθενώνας'),
(20,4,'LANDSCAPES','4','1','φαίνεται ένα ποτάμι σε τροπικό δάσος'),
(20,5,'NATURE_BLOOMING','5','1','4'),
(20,6,'FOOD','6','1','μπέργκερ'),
(20,7,'Animals','7','1','μαυρόασπρες ρίγες'),
(22,1,'Animals','1','1','Φύλλα από δέντρα'),
(22,2,'Animals','2','1','Σε αγέλες'),
(22,3,'ANCIENT_CIVILIZATION','3','1','ο Παρθενώνας'),
(22,4,'LANDSCAPES','4','1','φαίνεται ένα ποτάμι σε τροπικό δάσος'),
(22,5,'NATURE_BLOOMING','5','1','4'),
(22,6,'FOOD','6','1','μπέργκερ'),
(22,7,'FUTURISTIC_TRANSPORTATION','7','1','άσπρο και μπλε'),
(23,1,'City','1','1',NULL),
(23,2,NULL,'2','1',NULL),
(23,3,NULL,'3','1',NULL),
(23,4,'ANCIENT_CIVILIZATION','4','1',NULL),
(23,5,'ANCIENT_CIVILIZATION','5','1',NULL),
(23,6,'ANCIENT_CIVILIZATION','6','1',NULL),
(23,7,NULL,'7','1',NULL),
(30,1,'Animals','1','1','Φύλλα από δέντρα'),
(30,2,'Animals','1','2','Ζέβρες'),
(30,3,'Animals','1','3','Αφτιά'),
(30,4,'Animals','1','4','Κηλίδες'),
(30,5,'Animals','1','5','Καφέ'),
(30,6,'Animals','6','1','σε λίμνες και βάλτους'),
(30,7,'Animals','6','2','βράγχια'),
(31,1,'Animals','1','1','Φύλλα από δέντρα'),
(31,2,'Animals','2','1','Σε αγέλες'),
(31,3,'Animals','3','1','πουλιά'),
(40,1,'Animals','1','1','Φύλλα από δέντρα'),
(40,2,'Animals','2','1','Σε αγέλες'),
(40,3,'Animals','3','1','πουλιά'),
(41,1,'Space','1','1','Πλανήτης Γη'),
(41,2,'Space','2','1','εκτόξευση διαστημόπλοιου'),
(41,3,'Space','2','2','από την Γη'),
(41,4,'Space','4','1','ένα'),
(41,5,'Space','4','2','Κρατήρες'),
(41,6,'FOOD','6','1','μπέργκερ'),
(41,7,'FUTURISTIC_TRANSPORTATION','7','1','άσπρο και μπλε'),
(42,1,'Ocean','1','1','τα ψάρια'),
(42,2,'Ocean','1','2','τρία'),
(45,1,'Animals','1','1','Φύλλα από δέντρα'),
(45,2,'MICROWORLD','2','1','τα έντομα'),
(45,3,'MICROWORLD','3','1','ανθρώπινα κύτταρα'),
(45,4,'LANDSCAPES','4','1','φαίνεται μία πεδιάδα'),
(45,5,'NATURE_BLOOMING','5','1','4'),
(45,6,'FOOD','6','1','μπέργκερ'),
(45,7,'FUTURISTIC_TRANSPORTATION','7','1','άσπρο και μπλε'),
(46,1,'Space','1','1','Πλανήτης Γη'),
(46,2,'Space','1','2','από την επιφάνεια του πλανήτη'),
(46,3,'Space','1','3','σύννεφα από τυφώνα'),
(46,4,'Space','1','4','της ημέρας και της νύχτας'),
(46,5,'Space','5','1','τον Ήλιο'),
(46,6,'Space','6','1','μια αστρική έκρηξη'),
(46,7,'Space','6','2','Ακτινοβολεί έντονα'),
(50,1,'City','1','1','ρόδα λούνα παρκ'),
(50,2,'City','1','2','Στο Λονδίνο μεταξύ ουρανοξυστών και κλασικών κτιρίων'),
(50,3,'ANCIENT_CIVILIZATION','3','1','ο Παρθενώνας'),
(50,4,'LANDSCAPES','4','1','φαίνεται ένα ποτάμι σε τροπικό δάσος'),
(50,5,'LANDSCAPES','5','1','από την άκρη ενός παγόβουνου'),
(50,6,'FOOD','6','1','μπέργκερ'),
(50,7,'FUTURISTIC_TRANSPORTATION','7','1','άσπρο και μπλε'),
(51,1,'Space','1','1','Πλανήτης Γη'),
(51,2,'Space','2','1','εκτόξευση διαστημόπλοιου'),
(51,3,'Space','3','1','ο Κρόνος'),
(51,4,'Space','4','1','ένα'),
(51,5,'Space','5','1','τον Ήλιο'),
(51,6,'Space','6','1','μια αστρική έκρηξη'),
(51,7,'Space','7','1','μια μαύρη τρύπα'),
(60,1,'Animals','1','1','Φύλλα από δέντρα'),
(60,2,'Animals','1','2','Ζέβρες'),
(60,3,'Animals','1','3','Κέρατο'),
(60,4,'Animals','1','4','Κηλίδες'),
(60,5,'Animals','1','5','Καφέ'),
(60,6,'Animals','1','6','Μία'),
(60,7,'Animals','1','7','Ημισέληνο'),
(61,1,'Ocean','1','1','τα ψάρια'),
(61,2,'Ocean','1','2','τρία'),
(61,3,'Ocean','1','3','κίτρινο'),
(61,4,'Ocean','1','4','δίχτυα ψαράδων'),
(61,5,'Ocean','1','5','πορτοκαλί'),
(61,6,'Ocean','6','1','ψάρια'),
(61,7,'FUTURISTIC_TRANSPORTATION','7','1','άσπρο και μπλε'),
(62,1,'City','1','1','ρόδα λούνα παρκ'),
(62,2,'MICROWORLD','2','1','τα έντομα'),
(62,3,'MICROWORLD','3','1','ανθρώπινα κύτταρα'),
(62,4,'LANDSCAPES','4','1','φαίνεται ένα ποτάμι σε τροπικό δάσος'),
(62,5,'LANDSCAPES','5','1','από την άκρη ενός παγόβουνου'),
(62,6,'FOOD','6','1','μπέργκερ'),
(62,7,'FOOD','6','2','μπιφτέκι, τυρί, ντομάτα, μαρούλι, μπέικον,  αυγό'),
(65,1,'Animals','1','1','Φύλλα από δέντρα'),
(65,2,'MICROWORLD','2','1','τα έντομα'),
(65,3,'MICROWORLD','3','1','μικρόβια'),
(65,4,'LANDSCAPES','4','1','φαίνεται μία πεδιάδα'),
(65,5,'LANDSCAPES','5','1','από την άκρη ενός παγόβουνου'),
(65,6,'FOOD','6','1','μπέργκερ'),
(65,7,'FOOD','7','1','ροζ'),
(71,1,'Space','1','1','Πλανήτης Γη'),
(71,2,'Space','1','2','έναν δορυφόρο'),
(71,3,'Space','3','1','ο Κρόνος'),
(71,4,'LANDSCAPES','4','1','φαίνεται ένα ποτάμι σε τροπικό δάσος'),
(71,5,'NATURE_BLOOMING','5','1','4'),
(71,6,'FOOD','6','1','μπέργκερ'),
(71,7,'FOOD','6','2','μπιφτέκι, τυρί, ντομάτα, μαρούλι, μπέικον,  αυγό'),
(80,1,'Ocean','1','1','τα ψάρια'),
(80,2,'Ocean','1','2','τρία'),
(80,3,'Ocean','1','3','κίτρινο'),
(80,4,'Ocean','1','4','κοράλλια'),
(80,5,'Ocean','1','5','πράσινο'),
(80,6,'Ocean','1','6','πορτοκαλί'),
(80,7,'Ocean','1','7','μόνα τους'),
(81,1,'Space','1','1','Πλανήτης Γη'),
(81,2,'Space','1','2','έναν δορυφόρο'),
(81,3,'Space','1','3','σύννεφα από τυφώνα'),
(81,4,'Space','1','4','της ημέρας και της νύχτας'),
(81,5,'Space','1','5','οι κινήσεις των σύννεφων'),
(81,6,'Space','1','6','Αυστραλία'),
(81,7,'Space','1','7','Μία κατοικημένη περιοχή της Ευρώπης'),
(82,1,'Animals','1','1','Φύλλα από δέντρα'),
(82,2,'MICROWORLD','2','1','τα έντομα'),
(82,3,'ANCIENT_CIVILIZATION','3','1','ο Παρθενώνας'),
(82,4,NULL,'4','1',NULL),
(101,1,'City','1','1','ρόδα λούνα παρκ'),
(101,2,'MICROWORLD','2','1','τα έντομα'),
(101,3,'MICROWORLD','3','1','μικρόβια'),
(101,4,'LANDSCAPES','4','1','φαίνεται ένα ποτάμι σε τροπικό δάσος'),
(101,5,'LANDSCAPES','4','2','ψηλά και πυκνά'),
(101,6,'LANDSCAPES','6','1','ερημικό'),
(101,7,'LANDSCAPES','6','2','άνθρωπο'),
(102,1,'City','1','1','ρόδα λούνα παρκ'),
(110,1,'City','1','1','ρόδα λούνα παρκ'),
(110,2,'City','1','2','Στο Λονδίνο μεταξύ ουρανοξυστών και κλασικών κτιρίων'),
(110,3,'City','1','3','δίπλα από τον ποταμό Τάμεση'),
(110,4,'City','1','4','30'),
(110,5,'City','1','5','ένας σταθμός μετρό και ένα άγαλμα'),
(110,6,'City','1','6','15 μέτρα'),
(110,7,'City','1','7','είναι σχετικά μεγάλες, κλειστές και χωρούν έως 25 άτομα'),
(111,1,'City','1','1','ρόδα λούνα παρκ'),
(111,2,'City','2','1','κόκκινο'),
(111,3,'City','3','1','ένα υδροηλεκτρικό εργοστάσιο'),
(111,4,'City','4','1','σε μεγαλούπολη της Αυστραλίας'),
(111,5,'City','5','1','το υψηλότερο κτήριο του κόσμου'),
(111,6,'FOOD','6','1','μπέργκερ'),
(112,1,'Space','1','1','Πλανήτης Γη'),
(112,2,'Space','2','1','εκτόξευση διαστημόπλοιου'),
(112,3,'ANCIENT_CIVILIZATION','3','1','ο Παρθενώνας'),
(112,4,'ANCIENT_CIVILIZATION','4','1','το Σινικό Τείχος'),
(112,5,'NATURE_BLOOMING','5','1','1'),
(112,6,'FOOD','6','1','μπέργκερ'),
(112,7,'FOOD','6','2','μπιφτέκι, τυρί, ντομάτα, μαρούλι, μπέικον,  αυγό'),
(120,1,'Ocean','1','1','τα ψάρια'),
(120,2,'MICROWORLD','2','1','τα έντομα'),
(120,3,'MICROWORLD','2','2','η κόρη του οφθαλμού (σαν τον άνθρωπο)'),
(120,4,'LANDSCAPES','4','1','φαίνεται ένα ποτάμι σε τροπικό δάσος'),
(120,5,'LANDSCAPES','4','2','ψηλά και πυκνά'),
(120,6,'LANDSCAPES','4','3','συννεφιασμένο και ομιχλώδες'),
(120,7,'LANDSCAPES','4','4','ρέει έντονα'),
(121,1,'Space','1','1','Πλανήτης Γη'),
(121,2,'MICROWORLD','2','1','τα έντομα'),
(121,3,'ANCIENT_CIVILIZATION','3','1','ο Παρθενώνας'),
(121,4,'LANDSCAPES','4','1','φαίνεται ένα ποτάμι σε τροπικό δάσος'),
(121,5,'NATURE_BLOOMING','5','1','4'),
(121,6,'FOOD','6','1','μπέργκερ'),
(121,7,'FUTURISTIC_TRANSPORTATION','7','1','άσπρο και μπλε'),
(122,1,'City','1','1','ρόδα λούνα παρκ'),
(122,2,'City','2','1','κόκκινο'),
(122,3,'City','3','1','ένα υδροηλεκτρικό εργοστάσιο'),
(122,4,'City','4','1','σε μεγαλούπολη της Αυστραλίας'),
(122,5,'City','5','1','το υψηλότερο κτήριο του κόσμου'),
(122,6,'City','6','1','το άγαλμα της Ελευθερίας'),
(122,7,'City','7','1','κυρίως οι υψηλότεροι όροφοι'),
(125,1,'Space','1','1','Πλανήτης Γη'),
(125,2,'Space','2','1','εκτόξευση διαστημόπλοιου'),
(125,3,'Space','3','1','ο Άρης'),
(125,4,'Space','3','2','αποτελείται από θραύσματα μετεωριτών'),
(125,5,'NATURE_BLOOMING','5','1','4'),
(125,6,'NATURE_BLOOMING','6','1','σφαιρικός'),
(125,7,'NATURE_BLOOMING','6','2','ρίγες'),
(129,1,'City','1','1','γέφυρα'),
(129,2,'City','2','1','μπλε'),
(129,4,'LANDSCAPES','4','1','φαίνεται ένα ποτάμι σε τροπικό δάσος'),
(129,5,'LANDSCAPES','4','2','ψηλά και πυκνά'),
(140,1,'Ocean','1','1','τα ψάρια'),
(140,2,'Ocean','2','1','καρχαρίες'),
(142,1,'Animals','1','1','Φύλλα από δέντρα'),
(142,2,'MICROWORLD','2','1','τα έντομα'),
(142,3,'MICROWORLD','3','1','μικρόβια'),
(142,4,'LANDSCAPES','4','1','φαίνεται ένα ποτάμι σε τροπικό δάσος'),
(142,5,'LANDSCAPES','4','2','ψηλά και πυκνά'),
(142,6,'LANDSCAPES','4','3','συννεφιασμένο και ομιχλώδες'),
(151,1,'City','1','1','ρόδα λούνα παρκ'),
(151,2,'City','1','2','Στο Λονδίνο μεταξύ ουρανοξυστών και κλασικών κτιρίων'),
(151,3,'City','3','1','ένα υδροηλεκτρικό εργοστάσιο'),
(151,4,'City','3','2','υπάρχει αυτοκινητόδρομος'),
(151,5,'City','5','1','το υψηλότερο κτήριο του κόσμου'),
(151,6,'City','5','2','τίποτα'),
(151,7,'City','7','1','όλο το κτήριο'),
(152,1,'Animals','1','1','Ψάρια'),
(152,2,'MICROWORLD','2','1','τα έντομα'),
(152,3,'ANCIENT_CIVILIZATION','3','1','ο Ναός του Ποσειδώνα στο Σούνιο '),
(152,4,'LANDSCAPES','4','1','φαίνεται μία πεδιάδα'),
(152,5,'NATURE_BLOOMING','5','1','6'),
(152,6,'FOOD','6','1','μπέργκερ'),
(152,7,'FOOD','7','1','γαλάζιο'),
(160,1,'City','1','1','ρόδα λούνα παρκ'),
(160,2,'City','1','2','Στο Λονδίνο μεταξύ ουρανοξυστών και κλασικών κτιρίων'),
(160,3,'ANCIENT_CIVILIZATION','3','1','ο Παρθενώνας'),
(160,4,'LANDSCAPES','4','1','φαίνεται ένα ποτάμι σε τροπικό δάσος'),
(160,5,'NATURE_BLOOMING','5','1','4'),
(160,6,'City','6','1','το άγαλμα της Ελευθερίας'),
(160,7,'City','6','2','στην πόλη της Νέας Υόρκης'),
(161,1,'Space','1','1','Πλανήτης Γη'),
(161,2,'Space','2','1','εκτόξευση διαστημόπλοιου'),
(161,3,'Space','3','1','ο Κρόνος'),
(161,4,'Space','4','1','ένα'),
(161,5,'Space','5','1','τον Ήλιο'),
(161,6,'Space','6','1','μια αστρική έκρηξη'),
(161,7,'Space','7','1','μια μαύρη τρύπα'),
(162,1,'City','1','1','ρόδα λούνα παρκ'),
(162,2,'City','1','2','Στο Λονδίνο μεταξύ ουρανοξυστών και κλασικών κτιρίων'),
(162,3,'City','3','1','ένα πάρκο με ανεμογεννήτριες'),
(162,4,'LANDSCAPES','4','1','φαίνεται ένα ποτάμι σε τροπικό δάσος'),
(162,5,'NATURE_BLOOMING','5','1','4'),
(162,6,'NATURE_BLOOMING','6','1','σφαιρικός'),
(162,7,'FUTURISTIC_TRANSPORTATION','7','1','άσπρο και μπλε'),
(163,1,'Animals','1','1','Φύλλα από δέντρα'),
(163,2,'Animals','2','1','Σε αγέλες'),
(163,3,'Animals','3','1','πουλιά'),
(180,1,'City','1','1','ρόδα λούνα παρκ'),
(180,2,'City','1','2','Στο Λονδίνο μεταξύ ουρανοξυστών και κλασικών κτιρίων'),
(182,1,'Animals','1','1','Φύλλα από δέντρα'),
(182,2,'Animals','2','1','Σε αγέλες'),
(182,3,'Animals','2','2','Βρυχώνται'),
(183,1,'City','1','1','γέφυρα'),
(183,2,'City','2','1','κόκκινο'),
(183,3,'City','3','1','ένα υδροηλεκτρικό εργοστάσιο'),
(183,4,'City','4','1','σε χωριό των ΗΠΑ'),
(183,5,'City','5','1','το υψηλότερο κτήριο του κόσμου'),
(183,6,'City','6','1','το άγαλμα της Ελευθερίας'),
(183,7,'City','7','1','όλο το κτήριο'),
(189,1,'Ocean','1','1','τα ψάρια'),
(189,2,'Ocean','2','1','καρχαρίες'),
(189,3,'Ocean','3','1','ένα υποβρύχιο'),
(189,4,'Ocean','4','1',NULL),
(189,5,'Ocean','5','1','ψάρι-κλόουν'),
(189,6,'Ocean','5','2',NULL),
(189,7,NULL,'7','1',NULL),
(200,1,'Ocean','1','1','τα ψάρια'),
(202,1,'Space','1','1','Πλανήτης Γη'),
(202,2,'Space','2','1','εκτόξευση διαστημόπλοιου'),
(202,3,'ANCIENT_CIVILIZATION','3','1','ο Παρθενώνας'),
(202,4,'LANDSCAPES','4','1','φαίνεται ένα ποτάμι σε τροπικό δάσος'),
(202,5,'NATURE_BLOOMING','5','1','4'),
(202,6,'FOOD','6','1','μπέργκερ'),
(202,7,'FUTURISTIC_TRANSPORTATION','7','1','άσπρο και μπλε'),
(204,1,'Space','1','1','Πλανήτης Ουρανός'),
(204,2,'Space','2','1','προσγείωση διαστημόπλοιου'),
(205,1,'Animals','1','1','Φύλλα από δέντρα'),
(205,2,'MICROWORLD','2','1','τα έντομα'),
(205,3,'MICROWORLD','3','1','μικρόβια'),
(205,4,'LANDSCAPES','4','1','φαίνεται ένα ποτάμι σε τροπικό δάσος'),
(205,5,'NATURE_BLOOMING','5','1','4'),
(205,6,'FOOD','6','1','μπέργκερ'),
(205,7,'FOOD','7','1','ροζ'),
(220,1,'Ocean','1','1','τα ψάρια'),
(220,2,'Ocean','1','2','τρία'),
(220,3,'Ocean','1','3','μπλε'),
(220,4,'Ocean','1','4','δίχτυα ψαράδων'),
(220,5,'Ocean','1','5','πορτοκαλί'),
(220,6,'Ocean','1','6','πορτοκαλί'),
(220,7,'Ocean','1','7','κατά αγέλες'),
(223,1,'Animals','1','1','Φύλλα από δέντρα'),
(223,2,'Animals','2','1','Σε αγέλες'),
(223,3,'Animals','3','1','πουλιά'),
(240,1,'Space','1','1','Πλανήτης Γη'),
(240,2,'Space','1','2','έναν δορυφόρο'),
(240,3,'Space','3','1','ο Κρόνος'),
(240,4,'Space','4','1','ένα'),
(240,5,'Space','5','1','τον Ήλιο'),
(240,6,'Space','6','1','την καταστροφή ενός πλανήτη'),
(240,7,'Space','7','1','το Ηλιακό μας Σύστημα'),
(242,1,'Space','1','1','Πλανήτης Γη'),
(242,2,'Space','2','1','εκτόξευση διαστημόπλοιου'),
(242,3,'ANCIENT_CIVILIZATION','3','1','ο Παρθενώνας'),
(242,4,'LANDSCAPES','4','1','φαίνεται ένα ποτάμι σε τροπικό δάσος'),
(242,5,'NATURE_BLOOMING','5','1','4'),
(242,6,'FOOD','6','1','μπέργκερ'),
(244,1,'City','1','1','άγαλμα'),
(244,2,'City','2','1','κόκκινο'),
(244,3,'ANCIENT_CIVILIZATION','3','1','ο Παρθενώνας'),
(244,4,'ANCIENT_CIVILIZATION','4','1','την Μεσαιωνική Πόλη της Ρόδου'),
(244,5,'ANCIENT_CIVILIZATION','4','2','μαύρο'),
(244,6,'ANCIENT_CIVILIZATION','4','3','Σινικό Τείχος'),
(244,7,'ANCIENT_CIVILIZATION','4','4','κόκκινο και χρυσό'),
(248,1,'Space','1','1','Πλανήτης Ουρανός'),
(248,2,'Space','1','2','έναν δορυφόρο'),
(248,3,'Space','1','3','σύννεφα από τυφώνα'),
(248,4,'Space','1','4','της νύχτας'),
(248,5,'Space','1','5','το κέντρο της Γης'),
(248,6,'Space','1','6','Αυστραλία'),
(248,7,'Space','1','7','Μία κατοικημένη περιοχή της Ευρώπης'),
(249,1,'Ocean','1','1','τα ψάρια'),
(249,2,'Ocean','1','2','τρία'),
(249,3,'Ocean','3','1','την επιφάνεια της θάλασσας'),
(249,4,'LANDSCAPES','4','1','φαίνεται ένα ποτάμι σε τροπικό δάσος'),
(249,5,'LANDSCAPES','5','1','μέσα από το κέντρο μίας πόλης'),
(249,6,'LANDSCAPES','6','1','εύκρατο'),
(249,7,'LANDSCAPES','7','1','βροχερός'),
(252,1,'Space','1','1','Πλανήτης Γη'),
(252,2,'Space','2','1','εκτόξευση διαστημόπλοιου'),
(252,3,'ANCIENT_CIVILIZATION','3','1','ο Παρθενώνας'),
(252,4,'ANCIENT_CIVILIZATION','4','1','την Μεσαιωνική Πόλη της Ρόδου'),
(252,5,'NATURE_BLOOMING','5','1','6'),
(252,6,'NATURE_BLOOMING','6','1','σφαιρικός'),
(252,7,'FUTURISTIC_TRANSPORTATION','7','1','άσπρο και μπλε'),
(260,1,'City','1','1','ρόδα λούνα παρκ'),
(260,2,'MICROWORLD','2','1','τα έντομα'),
(260,3,'ANCIENT_CIVILIZATION','3','1','ο Παρθενώνας'),
(260,4,'ANCIENT_CIVILIZATION','3','2','τον χώρο της Ακρόπολης'),
(260,5,'ANCIENT_CIVILIZATION','5','1','οι Πυραμίδες της Γκίζας'),
(260,6,'FOOD','6','1','μπέργκερ'),
(262,1,'Animals','1','1','Φύλλα από δέντρα'),
(262,2,'Animals','1','2','Ζέβρες'),
(262,3,'ANCIENT_CIVILIZATION','3','1','ο Παρθενώνας'),
(262,4,'LANDSCAPES','4','1','φαίνεται ένα ποτάμι σε τροπικό δάσος'),
(262,5,'NATURE_BLOOMING','5','1','1'),
(262,6,'FOOD','6','1','μπέργκερ'),
(280,1,'City','1','1','ρόδα λούνα παρκ'),
(280,2,'City','2','1','κόκκινο'),
(280,3,'City','3','1','ένα υδροηλεκτρικό εργοστάσιο'),
(280,4,'City','3','2','υπάρχει αυτοκινητόδρομος'),
(280,5,'City','5','1','το υψηλότερο κτήριο του κόσμου'),
(280,6,'City','6','1','το άγαλμα της Ελευθερίας'),
(280,7,'City','7','1','όλο το κτήριο'),
(282,1,'City','1','1','ρόδα λούνα παρκ'),
(282,2,'City','2','1','κόκκινο'),
(282,3,'City','3','1','ένα υδροηλεκτρικό εργοστάσιο'),
(282,4,'City','4','1','σε μεγαλούπολη της Αυστραλίας'),
(282,5,'City','5','1','το υψηλότερο κτήριο του κόσμου'),
(282,6,'City','6','1','το άγαλμα της Ελευθερίας'),
(282,7,'City','7','1','όλο το κτήριο'),
(300,1,'Space','1','1','Πλανήτης Γη'),
(300,2,'Space','2','1','εκτόξευση διαστημόπλοιου'),
(300,3,'Space','3','1','ο Δίας'),
(300,4,'Space','4','1','ένα'),
(300,5,'Space','5','1','τον Ήλιο'),
(300,6,'Space','6','1','μια αστρική έκρηξη'),
(300,7,'Space','7','1','μια μαύρη τρύπα'),
(302,1,'Ocean','1','1','τα ψάρια'),
(302,2,'Ocean','2','1','καρχαρίες'),
(302,3,'Ocean','2','2','δύο'),
(302,4,'Ocean','4','1','ανθρώπους'),
(302,5,'NATURE_BLOOMING','5','1','4'),
(302,6,'NATURE_BLOOMING','5','2','5 ρίζες'),
(302,7,'FUTURISTIC_TRANSPORTATION','7','1','άσπρο και μπλε'),
(304,1,'Ocean','1','1','τα ψάρια'),
(304,2,'MICROWORLD','2','1','τα έντομα'),
(304,3,'ANCIENT_CIVILIZATION','3','1','ο Παρθενώνας'),
(304,4,'LANDSCAPES','4','1','φαίνεται ένα ποτάμι σε τροπικό δάσος'),
(304,5,'NATURE_BLOOMING','5','1','4'),
(304,6,'FOOD','6','1','μπέργκερ'),
(304,7,'FUTURISTIC_TRANSPORTATION','7','1','άσπρο και μπλε'),
(320,1,'Animals','1','1','Φύλλα από δέντρα'),
(320,2,'Animals','1','2','Ζέβρες'),
(320,3,'Animals','1','3','Αφτιά'),
(320,4,'Animals','1','4','Τετράγωνα'),
(322,1,'Space','1','1','Πλανήτης Γη'),
(322,2,'Space','1','2','έναν δορυφόρο'),
(322,3,'Space','3','1','ο Δίας'),
(322,4,'Space','4','1','κανένα'),
(322,5,'Space','5','1','τον Ήλιο'),
(322,6,'Space','5','2','Οι πλανήτες του ηλιακού συστήματος γύρω από τον Ήλιο'),
(322,7,'Space','7','1','μια μαύρη τρύπα'),
(340,1,'Animals','1','1','Φύλλα από δέντρα'),
(342,1,'Ocean','1','1','τα ψάρια'),
(342,2,'MICROWORLD','2','1','τα έντομα'),
(342,3,'MICROWORLD','3','1','μικρόβια'),
(342,4,'LANDSCAPES','4','1','φαίνεται ένα ποτάμι σε τροπικό δάσος'),
(342,5,'NATURE_BLOOMING','5','1','4'),
(342,6,'FOOD','6','1','μπέργκερ'),
(342,7,'FUTURISTIC_TRANSPORTATION','7','1','άσπρο και μπλε'),
(350,1,'Ocean','1','1','τα ψάρια'),
(350,2,'Ocean','1','2','τρία'),
(350,3,'Ocean','1','3','κίτρινο'),
(350,4,'LANDSCAPES','4','1','φαίνεται ένα ποτάμι σε τροπικό δάσος'),
(350,5,'LANDSCAPES','5','1','από την άκρη ενός παγόβουνου'),
(350,6,'FOOD','6','1','μπέργκερ'),
(350,7,'FUTURISTIC_TRANSPORTATION','7','1','άσπρο και μαύρο'),
(360,1,'Ocean','1','1','τα ψάρια'),
(361,1,'Animals','1','1','Φύλλα από δέντρα'),
(361,2,'Animals','2','1','Σε αγέλες'),
(361,3,'Animals','3','1','πουλιά'),
(362,1,'Ocean','1','1','τα ψάρια'),
(364,1,'Animals','1','1','Φύλλα από δέντρα'),
(364,2,'MICROWORLD','2','1','τα έντομα'),
(364,3,'ANCIENT_CIVILIZATION','3','1','ο Παρθενώνας'),
(364,4,'ANCIENT_CIVILIZATION','4','1','το Σινικό Τείχος'),
(364,5,'NATURE_BLOOMING','5','1','4'),
(364,6,'FOOD','6','1','μπέργκερ'),
(364,7,'FOOD','6','2','μπιφτέκι, τυρί, ντομάτα, μαρούλι, μπέικον,  αυγό'),
(369,1,'Ocean','1','1','τα ψάρια'),
(369,2,'Ocean','2','1','καρχαρίες'),
(369,3,'Ocean','3','1','την επιφάνεια της θάλασσας'),
(369,4,'Ocean','4','1','ανθρώπους'),
(369,5,'Ocean','4','2','ένα μπλε-κίτρινο ψάρι'),
(369,6,'Ocean','6','1','σπονδυλωτά'),
(369,7,'Ocean','7','1','οκτώ'),
(382,1,'Ocean','1','1','τα ψάρια'),
(382,2,'Ocean','1','2','τρία'),
(382,3,'Ocean','1','3','κίτρινο'),
(382,4,'Ocean','1','4','κοράλλια'),
(382,5,'Ocean','1','5','πράσινο'),
(382,6,'Ocean','1','6','πορτοκαλί'),
(382,7,'Ocean','1','7','κατά αγέλες'),
(400,1,'Animals','1','1','Φύλλα από δέντρα'),
(400,2,'Animals','1','2','Ζέβρες'),
(400,3,'Animals','1','3','Αφτιά');
/*!40000 ALTER TABLE `answer` ENABLE KEYS */;
UNLOCK TABLES;

--
-- Table structure for table `questioner`
--

DROP TABLE IF EXISTS `questioner`;
/*!40101 SET @saved_cs_client     = @@character_set_client */;
/*!40101 SET character_set_client = utf8 */;
CREATE TABLE `questioner` (
  `code` int(11) NOT NULL,
  `id` int(11) NOT NULL,
  `answer` tinyint(1) NOT NULL,
  PRIMARY KEY (`code`,`id`)
) ENGINE=InnoDB DEFAULT CHARSET=utf8mb4 COLLATE=utf8mb4_unicode_ci;
/*!40101 SET character_set_client = @saved_cs_client */;

--
-- Dumping data for table `questioner`
--

LOCK TABLES `questioner` WRITE;
/*!40000 ALTER TABLE `questioner` DISABLE KEYS */;
INSERT INTO `questioner` VALUES
(10,1,1),
(10,2,1),
(10,3,1),
(10,4,0),
(10,5,0),
(10,6,0),
(10,7,1),
(10,8,0),
(10,9,0),
(10,10,1),
(10,11,1),
(10,12,0),
(10,13,0),
(10,14,1),
(10,15,1),
(10,16,1),
(10,17,1),
(10,18,0),
(12,1,0),
(12,2,0),
(12,3,1),
(12,4,1),
(12,5,0),
(12,6,1),
(12,7,0),
(12,8,0),
(12,9,0),
(12,10,1),
(12,11,1),
(12,12,0),
(12,13,1),
(12,14,1),
(12,15,0),
(12,16,0),
(12,17,1),
(12,18,1),
(20,1,1),
(20,2,1),
(20,3,1),
(20,4,1),
(20,5,0),
(20,6,1),
(20,7,1),
(20,8,0),
(20,9,1),
(20,10,0),
(20,11,0),
(20,12,1),
(20,13,0),
(20,14,0),
(20,15,0),
(20,16,1),
(20,17,0),
(20,18,0),
(22,1,1),
(22,2,0),
(22,3,1),
(22,4,0),
(22,5,0),
(22,6,0),
(22,7,1),
(22,8,0),
(22,9,0),
(22,10,1),
(22,11,1),
(22,12,0),
(22,13,1),
(22,14,1),
(22,15,0),
(22,16,0),
(22,17,0),
(22,18,0),
(23,1,0),
(23,2,0),
(23,3,1),
(23,4,1),
(23,5,0),
(23,6,0),
(23,7,0),
(23,8,0),
(23,9,0),
(23,10,0),
(23,11,0),
(23,12,1),
(23,13,0),
(23,14,1),
(23,15,0),
(23,16,1),
(23,17,0),
(23,18,0),
(30,1,1),
(30,2,0),
(30,3,1),
(30,4,0),
(30,5,0),
(30,6,0),
(30,7,0),
(30,8,0),
(30,9,0),
(30,10,0),
(30,11,1),
(30,12,0),
(30,13,0),
(30,14,1),
(30,15,1),
(30,16,0),
(30,17,1),
(30,18,0),
(41,1,1),
(41,2,1),
(41,3,1),
(41,4,1),
(41,5,1),
(41,6,1),
(41,7,0),
(41,8,0),
(41,9,1),
(41,10,0),
(41,11,1),
(41,12,1),
(41,13,1),
(41,14,0),
(41,15,1),
(41,16,1),
(41,17,0),
(41,18,0),
(45,1,1),
(45,2,1),
(45,3,0),
(45,4,0),
(45,5,1),
(45,6,1),
(45,7,1),
(45,8,1),
(45,9,1),
(45,10,0),
(45,11,0),
(45,12,0),
(45,13,1),
(45,14,1),
(45,15,0),
(45,16,1),
(45,17,0),
(45,18,0),
(46,1,0),
(46,2,0),
(46,3,1),
(46,4,0),
(46,5,1),
(46,6,0),
(46,7,1),
(46,8,0),
(46,9,0),
(46,10,1),
(46,11,0),
(46,12,0),
(46,13,1),
(46,14,0),
(46,15,0),
(46,16,0),
(46,17,0),
(46,18,1),
(50,1,1),
(50,2,0),
(50,3,1),
(50,4,1),
(50,5,0),
(50,6,0),
(50,7,0),
(50,8,0),
(50,9,0),
(50,10,0),
(50,11,1),
(50,12,0),
(50,13,0),
(50,14,1),
(50,15,0),
(50,16,1),
(50,17,0),
(50,18,0),
(51,1,1),
(51,2,1),
(51,3,1),
(51,4,1),
(51,5,0),
(51,6,0),
(51,7,1),
(51,8,0),
(51,9,0),
(51,10,1),
(51,11,1),
(51,12,0),
(51,13,0),
(51,14,0),
(51,15,0),
(51,16,1),
(51,17,1),
(51,18,0),
(60,1,1),
(60,2,1),
(60,3,1),
(60,4,1),
(60,5,1),
(60,6,1),
(60,7,1),
(60,8,1),
(60,9,1),
(60,10,1),
(60,11,1),
(60,12,1),
(60,13,1),
(60,14,1),
(60,15,1),
(60,16,1),
(60,17,1),
(60,18,1),
(61,1,1),
(61,2,0),
(61,3,1),
(61,4,1),
(61,5,0),
(61,6,0),
(61,7,1),
(61,8,0),
(61,9,0),
(61,10,1),
(61,11,1),
(61,12,0),
(61,13,1),
(61,14,0),
(61,15,0),
(61,16,0),
(61,17,1),
(61,18,0),
(62,1,1),
(62,2,1),
(62,3,1),
(62,4,0),
(62,5,0),
(62,6,0),
(62,7,1),
(62,8,0),
(62,9,1),
(62,10,1),
(62,11,1),
(62,12,0),
(62,13,0),
(62,14,0),
(62,15,0),
(62,16,1),
(62,17,0),
(62,18,0),
(65,1,1),
(65,2,1),
(65,3,1),
(65,4,0),
(65,5,1),
(65,6,1),
(65,7,1),
(65,8,1),
(65,9,1),
(65,10,1),
(65,11,0),
(65,12,0),
(65,13,0),
(65,14,1),
(65,15,0),
(65,16,0),
(65,17,1),
(65,18,0),
(71,1,1),
(71,2,1),
(71,3,1),
(71,4,1),
(71,5,0),
(71,6,0),
(71,7,1),
(71,8,0),
(71,9,0),
(71,10,1),
(71,11,1),
(71,12,0),
(71,13,0),
(71,14,1),
(71,15,0),
(71,16,1),
(71,17,1),
(71,18,0),
(80,1,1),
(80,2,1),
(80,3,0),
(80,4,1),
(80,5,0),
(80,6,0),
(80,7,0),
(80,8,0),
(80,9,0),
(80,10,1),
(80,11,1),
(80,12,0),
(80,13,0),
(80,14,0),
(80,15,1),
(80,16,1),
(80,17,1),
(80,18,1),
(81,1,1),
(81,2,1),
(81,3,1),
(81,4,1),
(81,5,0),
(81,6,0),
(81,7,1),
(81,8,0),
(81,9,0),
(81,10,0),
(81,11,1),
(81,12,0),
(81,13,0),
(81,14,1),
(81,15,0),
(81,16,1),
(81,17,0),
(81,18,0),
(101,1,1),
(101,2,1),
(101,3,1),
(101,4,1),
(101,5,0),
(101,6,1),
(101,7,1),
(101,8,0),
(101,9,0),
(101,10,1),
(101,11,1),
(101,12,0),
(101,13,0),
(101,14,1),
(101,15,1),
(101,16,0),
(101,17,0),
(101,18,0),
(110,1,0),
(110,2,0),
(110,3,0),
(110,4,1),
(110,5,1),
(110,6,0),
(110,7,0),
(110,8,1),
(110,9,1),
(110,10,1),
(110,11,1),
(110,12,0),
(110,13,0),
(110,14,1),
(110,15,1),
(110,16,1),
(110,17,0),
(110,18,0),
(112,1,1),
(112,2,0),
(112,3,1),
(112,4,0),
(112,5,1),
(112,6,1),
(112,7,1),
(112,8,1),
(112,9,1),
(112,10,1),
(112,11,0),
(112,12,0),
(112,13,1),
(112,14,1),
(112,15,1),
(112,16,1),
(112,17,0),
(112,18,1),
(120,1,1),
(120,2,0),
(120,3,0),
(120,4,1),
(120,5,1),
(120,7,0),
(120,8,0),
(120,9,0),
(120,10,1),
(120,11,1),
(120,12,0),
(120,13,1),
(120,14,0),
(120,15,0),
(120,16,0),
(120,17,0),
(120,18,1),
(121,1,1),
(121,2,1),
(121,3,0),
(121,4,1),
(121,5,1),
(121,6,1),
(121,8,1),
(121,18,1),
(122,1,0),
(122,2,0),
(122,3,1),
(122,4,1),
(122,5,0),
(122,6,0),
(122,7,1),
(122,8,0),
(122,9,0),
(122,10,1),
(122,11,1),
(122,12,0),
(122,13,0),
(122,14,1),
(122,15,0),
(122,16,1),
(122,17,0),
(122,18,0),
(125,1,1),
(125,2,1),
(125,3,1),
(125,4,1),
(125,5,0),
(125,6,0),
(125,7,0),
(125,8,0),
(125,9,0),
(125,10,1),
(125,11,1),
(125,12,0),
(125,13,1),
(125,14,1),
(125,15,0),
(125,16,0),
(125,17,1),
(125,18,0),
(152,1,1),
(152,2,0),
(152,3,1),
(152,4,0),
(152,5,0),
(152,6,1),
(152,7,0),
(152,8,0),
(152,9,1),
(152,10,1),
(152,11,0),
(152,12,1),
(152,13,1),
(152,14,0),
(152,15,0),
(152,16,1),
(152,17,1),
(152,18,0),
(160,1,1),
(160,2,1),
(160,3,1),
(160,4,1),
(160,5,0),
(160,6,0),
(160,7,0),
(160,8,0),
(160,9,0),
(160,10,1),
(160,11,1),
(160,12,0),
(160,13,0),
(160,14,0),
(160,15,0),
(160,16,0),
(160,17,0),
(160,18,0),
(161,1,1),
(161,2,1),
(161,3,1),
(161,4,1),
(161,5,0),
(161,6,1),
(161,7,1),
(161,8,0),
(161,9,0),
(161,10,1),
(161,11,1),
(161,12,0),
(161,13,0),
(161,14,1),
(161,15,0),
(161,16,1),
(161,17,0),
(161,18,0),
(162,1,1),
(162,2,0),
(162,3,1),
(162,4,1),
(162,5,0),
(162,6,0),
(162,7,0),
(162,8,0),
(162,9,0),
(162,10,1),
(162,11,0),
(162,12,0),
(162,13,0),
(162,14,0),
(162,15,1),
(162,16,0),
(162,17,0),
(162,18,1),
(189,1,1),
(189,2,0),
(189,3,1),
(189,4,1),
(189,5,0),
(189,6,1),
(189,7,1),
(189,8,0),
(189,9,0),
(189,10,1),
(189,11,1),
(189,12,0),
(189,13,1),
(189,14,0),
(189,15,0),
(189,16,1),
(189,17,1),
(189,18,1),
(202,1,1),
(202,2,0),
(202,3,1),
(202,4,0),
(202,5,0),
(202,6,0),
(202,7,1),
(202,8,0),
(202,9,0),
(202,10,0),
(202,11,1),
(202,12,0),
(202,13,0),
(202,14,0),
(202,15,0),
(202,16,0),
(202,17,0),
(202,18,0),
(205,1,1),
(205,2,1),
(205,3,1),
(205,4,1),
(205,5,0),
(205,7,1),
(205,8,0),
(205,9,0),
(205,10,0),
(205,11,1),
(205,12,0),
(205,13,1),
(205,14,1),
(205,16,1),
(205,17,1),
(205,18,0),
(220,1,0),
(220,2,1),
(220,3,0),
(220,4,0),
(220,5,1),
(220,6,0),
(220,7,0),
(220,8,1),
(220,9,1),
(220,10,0),
(220,11,0),
(220,12,0),
(220,13,0),
(220,14,1),
(220,15,1),
(220,16,1),
(220,17,0),
(220,18,1),
(240,1,1),
(240,2,0),
(240,3,1),
(240,4,0),
(240,5,1),
(240,6,1),
(240,7,1),
(240,8,0),
(240,9,0),
(240,10,0),
(240,11,1),
(240,12,0),
(240,13,1),
(240,14,1),
(240,15,0),
(240,16,1),
(240,17,0),
(240,18,1),
(244,1,1),
(244,2,0),
(244,3,1),
(244,4,1),
(244,5,0),
(244,6,0),
(244,7,1),
(244,8,0),
(244,9,1),
(244,10,1),
(244,11,0),
(244,12,0),
(244,13,0),
(244,14,1),
(244,15,0),
(244,16,1),
(244,17,0),
(244,18,0),
(249,1,1),
(249,2,1),
(249,3,0),
(249,4,0),
(249,5,1),
(249,6,1),
(249,10,1),
(249,11,1),
(249,12,0),
(249,13,1),
(249,14,1),
(249,15,0),
(249,16,1),
(249,17,1),
(249,18,1),
(252,1,1),
(252,2,0),
(252,3,1),
(252,4,1),
(252,5,0),
(252,6,0),
(252,7,1),
(252,9,0),
(252,10,0),
(252,11,0),
(252,12,0),
(252,13,0),
(252,14,1),
(252,15,0),
(252,16,0),
(252,17,0),
(252,18,0),
(280,1,1),
(280,2,0),
(280,3,0),
(280,4,1),
(280,5,0),
(280,6,0),
(280,7,1),
(280,8,0),
(280,9,0),
(280,10,1),
(280,11,1),
(280,12,0),
(280,13,0),
(280,14,0),
(280,15,0),
(280,16,0),
(280,17,1),
(280,18,0),
(300,1,1),
(300,2,0),
(300,3,0),
(300,4,1),
(300,5,0),
(300,6,0),
(300,7,1),
(300,8,1),
(300,9,0),
(300,10,1),
(300,11,1),
(300,12,0),
(300,13,0),
(300,14,0),
(300,15,0),
(300,16,0),
(300,17,0),
(300,18,1),
(302,1,1),
(302,2,1),
(302,3,1),
(302,4,1),
(302,5,0),
(302,6,1),
(302,7,1),
(302,8,0),
(302,9,1),
(302,10,1),
(302,11,1),
(302,12,0),
(302,13,1),
(302,14,1),
(302,15,0),
(302,16,1),
(302,17,0),
(302,18,0),
(304,1,1),
(304,2,0),
(304,3,1),
(304,4,0),
(304,5,0),
(304,6,0),
(304,7,1),
(304,8,0),
(304,9,0),
(304,10,1),
(304,11,1),
(304,12,0),
(304,13,0),
(304,14,1),
(304,15,0),
(304,16,0),
(304,17,1),
(304,18,0),
(322,1,1),
(322,2,1),
(322,3,1),
(322,4,1),
(322,5,0),
(322,6,0),
(322,7,0),
(322,8,0),
(322,9,1),
(322,10,0),
(322,11,1),
(322,12,0),
(322,13,0),
(322,14,1),
(322,15,0),
(322,16,0),
(322,17,0),
(322,18,0),
(342,1,1),
(342,2,0),
(342,3,1),
(342,4,1),
(342,5,0),
(342,6,1),
(342,7,0),
(342,8,0),
(342,9,1),
(342,10,1),
(342,11,1),
(342,12,0),
(342,13,0),
(342,14,1),
(342,15,0),
(342,16,1),
(342,17,0),
(342,18,0),
(350,1,1),
(350,2,1),
(350,3,1),
(350,4,1),
(350,5,1),
(350,6,0),
(350,7,0),
(350,8,0),
(350,9,1),
(350,10,0),
(350,11,1),
(350,12,1),
(350,13,1),
(350,14,1),
(350,15,1),
(350,16,1),
(350,17,0),
(350,18,0),
(364,1,1),
(364,2,0),
(364,3,1),
(364,4,0),
(364,5,0),
(364,6,0),
(364,7,0),
(364,8,0),
(364,9,0),
(364,10,1),
(364,11,1),
(364,12,0),
(364,13,0),
(364,14,0),
(364,15,0),
(364,16,0),
(364,17,0),
(364,18,0),
(369,1,1),
(369,2,1),
(369,3,1),
(369,4,1),
(369,5,0),
(369,6,0),
(369,7,1),
(369,8,0),
(369,9,0),
(369,10,1),
(369,11,1),
(369,12,0),
(369,13,0),
(369,14,1),
(369,15,0),
(369,16,0),
(369,17,0),
(369,18,0);
/*!40000 ALTER TABLE `questioner` ENABLE KEYS */;
UNLOCK TABLES;

--
-- Table structure for table `user`
--

DROP TABLE IF EXISTS `user`;
/*!40101 SET @saved_cs_client     = @@character_set_client */;
/*!40101 SET character_set_client = utf8 */;
CREATE TABLE `user` (
  `code` int(11) NOT NULL,
  `year_of_birth` varchar(100) NOT NULL,
  `sex` varchar(10) NOT NULL,
  PRIMARY KEY (`code`)
) ENGINE=InnoDB DEFAULT CHARSET=utf8mb4 COLLATE=utf8mb4_unicode_ci;
/*!40101 SET character_set_client = @saved_cs_client */;

--
-- Dumping data for table `user`
--

LOCK TABLES `user` WRITE;
/*!40000 ALTER TABLE `user` DISABLE KEYS */;
INSERT INTO `user` VALUES
(10,'\"2010-07-31T21:00:00.000Z\"','male'),
(11,'\"2010-11-20T22:00:00.000Z\"','male'),
(12,'\"2013-10-06T21:00:00.000Z\"','female'),
(20,'\"2008-05-01T21:00:00.000Z\"','female'),
(22,'\"2012-08-26T21:00:00.000Z\"','male'),
(23,'\"2014-10-20T21:00:00.000Z\"','male'),
(30,'\"2010-11-15T22:00:00.000Z\"','male'),
(31,'\"2010-04-12T21:00:00.000Z\"','male'),
(40,'\"2008-12-25T22:00:00.000Z\"','male'),
(41,'\"2012-05-13T21:00:00.000Z\"','male'),
(42,'\"2012-12-13T22:00:00.000Z\"','female'),
(45,'\"2013-11-03T22:00:00.000Z\"','female'),
(46,'\"2014-09-05T21:00:00.000Z\"','female'),
(50,'\"2010-03-04T22:00:00.000Z\"','male'),
(51,'\"2010-02-21T22:00:00.000Z\"','female'),
(60,'\"2008-03-19T22:00:00.000Z\"','male'),
(61,'\"2012-11-15T22:00:00.000Z\"','male'),
(62,'null','female'),
(65,'\"2013-04-01T21:00:00.000Z\"','female'),
(71,'\"2010-07-18T21:00:00.000Z\"','female'),
(80,'\"2008-04-21T21:00:00.000Z\"','male'),
(81,'\"2012-08-13T21:00:00.000Z\"','female'),
(82,'\"2012-01-16T22:00:00.000Z\"','male'),
(100,'\"2008-09-04T21:00:00.000Z\"','male'),
(101,'null','female'),
(102,'\"2012-06-20T21:00:00.000Z\"','male'),
(111,'\"2010-04-09T21:00:00.000Z\"','female'),
(112,'\"2013-11-20T22:00:00.000Z\"','female'),
(120,'\"2008-12-11T22:00:00.000Z\"','male'),
(121,'\"2012-06-12T21:00:00.000Z\"','female'),
(122,'\"2012-12-20T22:00:00.000Z\"','male'),
(125,'\"2013-07-04T21:00:00.000Z\"','male'),
(129,'\"2013-03-07T22:00:00.000Z\"','male'),
(140,'\"2008-11-01T22:00:00.000Z\"','female'),
(142,'\"2014-03-20T22:00:00.000Z\"','male'),
(151,'\"2009-12-06T22:00:00.000Z\"','male'),
(152,'\"2013-07-30T21:00:00.000Z\"','male'),
(160,'\"2008-02-03T22:00:00.000Z\"','female'),
(161,'\"2012-09-11T21:00:00.000Z\"','male'),
(162,'\"2012-01-17T22:00:00.000Z\"','female'),
(163,'\"2014-04-09T21:00:00.000Z\"','male'),
(180,'\"2008-07-23T21:00:00.000Z\"','male'),
(182,'\"2012-03-13T22:00:00.000Z\"','male'),
(183,'\"2014-07-06T21:00:00.000Z\"','female'),
(189,'\"2013-06-08T21:00:00.000Z\"','female'),
(200,'\"2008-03-03T22:00:00.000Z\"','female'),
(202,'\"2012-02-07T22:00:00.000Z\"','male'),
(204,'null','female'),
(205,'\"2013-03-16T22:00:00.000Z\"','male'),
(220,'\"2008-05-18T21:00:00.000Z\"','female'),
(223,'\"2014-07-06T21:00:00.000Z\"','female'),
(240,'\"2008-09-10T21:00:00.000Z\"','male'),
(242,'\"2012-08-17T21:00:00.000Z\"','male'),
(244,'\"2013-07-28T21:00:00.000Z\"','female'),
(248,'\"2014-04-13T21:00:00.000Z\"','female'),
(249,'\"2013-03-19T22:00:00.000Z\"','female'),
(252,'\"2013-04-10T21:00:00.000Z\"','female'),
(260,'\"2008-03-19T22:00:00.000Z\"','male'),
(262,'\"2012-06-24T21:00:00.000Z\"','male'),
(280,'\"2008-03-02T22:00:00.000Z\"','male'),
(282,'\"2012-06-21T21:00:00.000Z\"','female'),
(300,'\"2008-06-09T21:00:00.000Z\"','male'),
(302,'\"2012-08-06T21:00:00.000Z\"','female'),
(304,'\"2013-08-23T21:00:00.000Z\"','female'),
(320,'\"2008-02-07T22:00:00.000Z\"','male'),
(322,'\"2012-12-18T22:00:00.000Z\"','male'),
(340,'\"2008-01-08T22:00:00.000Z\"','female'),
(342,'\"2012-12-17T22:00:00.000Z\"','female'),
(350,'\"2009-04-02T21:00:00.000Z\"','female'),
(360,'\"2008-07-07T21:00:00.000Z\"','female'),
(361,'\"2012-04-16T21:00:00.000Z\"','male'),
(362,'\"2012-01-17T22:00:00.000Z\"','female'),
(364,'\"2013-01-06T22:00:00.000Z\"','female'),
(369,'\"2013-09-12T21:00:00.000Z\"','female'),
(380,'\"2008-07-02T21:00:00.000Z\"','male'),
(382,'\"2012-11-27T22:00:00.000Z\"','female'),
(400,'\"2008-02-04T22:00:00.000Z\"','female');
/*!40000 ALTER TABLE `user` ENABLE KEYS */;
UNLOCK TABLES;
/*!40103 SET TIME_ZONE=@OLD_TIME_ZONE */;

/*!40101 SET SQL_MODE=@OLD_SQL_MODE */;
/*!40014 SET FOREIGN_KEY_CHECKS=@OLD_FOREIGN_KEY_CHECKS */;
/*!40014 SET UNIQUE_CHECKS=@OLD_UNIQUE_CHECKS */;
/*!40101 SET CHARACTER_SET_CLIENT=@OLD_CHARACTER_SET_CLIENT */;
/*!40101 SET CHARACTER_SET_RESULTS=@OLD_CHARACTER_SET_RESULTS */;
/*!40101 SET COLLATION_CONNECTION=@OLD_COLLATION_CONNECTION */;
/*!40111 SET SQL_NOTES=@OLD_SQL_NOTES */;

-- Dump completed on 2024-03-08 23:11:35
